,WT,A20 KO,CYLD KO,A20;CYLD DKO
0,602.4048096192384,602.4048096192384,945.0901803607214,2070
1,627.6553106212425,627.6553106212425,721.442885771543,2070
2,616.8336673346694,616.8336673346694,2100.0,2070
3,598.7975951903808,598.7975951903808,1060.5210420841684,2070
4,606.0120240480962,606.0120240480962,1082.1643286573146,2070
5,606.0120240480962,606.0120240480962,2100.0,2070
6,602.4048096192384,602.4048096192384,2100.0,2070
7,595.1903807615231,595.1903807615231,2100.0,2070
8,613.2264529058116,613.2264529058116,1139.879759519038,2070
9,634.869739478958,634.869739478958,2100.0,2070
10,638.4769539078156,638.4769539078156,2100.0,2070
11,613.2264529058116,613.2264529058116,2100.0,2070
12,595.1903807615231,595.1903807615231,1753.1062124248497,2070
13,606.0120240480962,606.0120240480962,1118.2364729458918,2070
14,631.2625250501002,631.2625250501002,930.6613226452906,2070
15,602.4048096192384,598.7975951903808,2100.0,2070
16,624.0480961923848,624.0480961923848,2100.0,2070
17,631.2625250501002,631.2625250501002,1313.0260521042085,2070
18,609.6192384769539,609.6192384769539,1677.3547094188377,2070
19,627.6553106212425,627.6553106212425,2100.0,2070
20,642.0841683366733,642.0841683366733,1522.2444889779558,2070
21,638.4769539078156,638.4769539078156,1147.0941883767534,2070
22,642.0841683366733,642.0841683366733,1338.2765531062125,2070
23,606.0120240480962,606.0120240480962,2100.0,2070
24,631.2625250501002,631.2625250501002,2100.0,2070
25,606.0120240480962,606.0120240480962,2100.0,2070
26,620.440881763527,620.440881763527,2100.0,2070
27,624.0480961923848,624.0480961923848,1446.4929859719439,2070
28,609.6192384769539,609.6192384769539,2100.0,2070
29,595.1903807615231,595.1903807615231,1399.5991983967936,2070
30,642.0841683366733,642.0841683366733,2100.0,2070
31,606.0120240480962,606.0120240480962,941.4829659318638,2070
32,591.5831663326653,591.5831663326653,1374.3486973947895,2070
33,634.869739478958,634.869739478958,1280.561122244489,2070
34,591.5831663326653,591.5831663326653,786.372745490982,2070
35,609.6192384769539,609.6192384769539,2100.0,2070
36,642.0841683366733,642.0841683366733,2100.0,2070
37,595.1903807615231,595.1903807615231,2100.0,2070
38,609.6192384769539,609.6192384769539,1017.2344689378758,2070
39,631.2625250501002,631.2625250501002,1276.9539078156313,2070
40,634.869739478958,634.869739478958,966.7334669338677,2070
41,627.6553106212425,627.6553106212425,2100.0,2070
42,613.2264529058116,613.2264529058116,620.440881763527,2070
43,595.1903807615231,595.1903807615231,945.0901803607214,2070
44,642.0841683366733,642.0841683366733,2100.0,2070
45,616.8336673346694,616.8336673346694,746.6933867735471,2070
46,609.6192384769539,609.6192384769539,2100.0,2070
47,595.1903807615231,595.1903807615231,2100.0,2070
48,613.2264529058116,613.2264529058116,624.0480961923848,2070
49,606.0120240480962,606.0120240480962,609.6192384769539,2070
50,627.6553106212425,627.6553106212425,2100.0,2070
51,634.869739478958,634.869739478958,2100.0,2070
52,587.9759519038076,587.9759519038076,1626.8537074148296,2070
53,620.440881763527,620.440881763527,894.5891783567134,2070
54,656.5130260521042,656.5130260521042,2100.0,2070
55,602.4048096192384,602.4048096192384,786.372745490982,2070
56,598.7975951903808,598.7975951903808,2100.0,2070
57,598.7975951903808,598.7975951903808,2100.0,2070
58,616.8336673346694,616.8336673346694,880.1603206412826,2070
59,624.0480961923848,616.8336673346694,2100.0,2070
60,620.440881763527,620.440881763527,2100.0,2070
61,598.7975951903808,598.7975951903808,743.0861723446894,2070
62,631.2625250501002,631.2625250501002,642.0841683366733,2070
63,620.440881763527,620.440881763527,2100.0,2070
64,649.2985971943888,649.2985971943888,966.7334669338677,2070
65,624.0480961923848,620.440881763527,2100.0,2070
66,602.4048096192384,602.4048096192384,2100.0,2070
67,631.2625250501002,631.2625250501002,2100.0,2070
68,616.8336673346694,616.8336673346694,2100.0,2070
69,627.6553106212425,627.6553106212425,692.5851703406813,2070
70,620.440881763527,620.440881763527,2100.0,2070
71,602.4048096192384,602.4048096192384,2100.0,2070
72,620.440881763527,620.440881763527,2100.0,2070
73,616.8336673346694,616.8336673346694,2100.0,2070
74,634.869739478958,634.869739478958,2100.0,2070
75,602.4048096192384,602.4048096192384,2100.0,2070
76,624.0480961923848,624.0480961923848,2100.0,2070
77,620.440881763527,620.440881763527,663.7274549098197,2070
78,609.6192384769539,609.6192384769539,660.1202404809619,2070
79,613.2264529058116,613.2264529058116,1370.741482965932,2070
80,602.4048096192384,602.4048096192384,2100.0,2070
81,631.2625250501002,631.2625250501002,901.8036072144289,2070
82,616.8336673346694,616.8336673346694,2100.0,2070
83,634.869739478958,634.869739478958,2100.0,2070
84,638.4769539078156,638.4769539078156,2100.0,2070
85,645.6913827655311,645.6913827655311,674.5490981963928,2070
86,606.0120240480962,606.0120240480962,2100.0,2070
87,631.2625250501002,631.2625250501002,2100.0,2070
88,624.0480961923848,624.0480961923848,1507.8156312625251,2070
89,631.2625250501002,631.2625250501002,2100.0,2070
90,638.4769539078156,638.4769539078156,2100.0,2070
91,631.2625250501002,631.2625250501002,2100.0,2070
92,631.2625250501002,631.2625250501002,1522.2444889779558,2070
93,595.1903807615231,595.1903807615231,1406.8136272545091,2070
94,602.4048096192384,602.4048096192384,2100.0,2070
95,616.8336673346694,616.8336673346694,793.5871743486974,2070
96,609.6192384769539,609.6192384769539,2100.0,2070
97,616.8336673346694,616.8336673346694,2100.0,2070
98,627.6553106212425,627.6553106212425,952.3046092184369,2070
99,606.0120240480962,606.0120240480962,660.1202404809619,2070
100,616.8336673346694,616.8336673346694,2100.0,2070
101,606.0120240480962,606.0120240480962,2100.0,2070
102,627.6553106212425,627.6553106212425,977.555110220441,2070
103,634.869739478958,634.869739478958,966.7334669338677,2070
104,609.6192384769539,609.6192384769539,2100.0,2070
105,616.8336673346694,616.8336673346694,937.875751503006,2070
106,616.8336673346694,616.8336673346694,2100.0,2070
107,606.0120240480962,606.0120240480962,779.1583166332665,2070
108,609.6192384769539,609.6192384769539,782.7655310621243,2070
109,631.2625250501002,631.2625250501002,948.6973947895792,2070
110,638.4769539078156,638.4769539078156,1680.9619238476955,2070
111,649.2985971943888,649.2985971943888,1569.1382765531062,2070
112,627.6553106212425,627.6553106212425,952.3046092184369,2070
113,613.2264529058116,613.2264529058116,1284.1683366733466,2070
114,627.6553106212425,627.6553106212425,1341.88376753507,2070
115,616.8336673346694,616.8336673346694,927.0541082164328,2070
116,609.6192384769539,609.6192384769539,858.5170340681362,2070
117,620.440881763527,620.440881763527,1071.3426853707415,2070
118,616.8336673346694,616.8336673346694,981.1623246492986,2070
119,606.0120240480962,606.0120240480962,699.7995991983968,2070
120,620.440881763527,620.440881763527,1543.8877755511023,2070
121,616.8336673346694,616.8336673346694,1778.3567134268537,2070
122,631.2625250501002,631.2625250501002,2110.0,2070
123,602.4048096192384,602.4048096192384,2110.0,2070
124,627.6553106212425,616.8336673346694,2110.0,2080
125,613.2264529058116,613.2264529058116,1053.306613226453,2080
126,616.8336673346694,616.8336673346694,2110.0,2080
127,595.1903807615231,595.1903807615231,613.2264529058116,2080
128,598.7975951903808,598.7975951903808,2110.0,2080
129,638.4769539078156,638.4769539078156,1035.2705410821643,2080
130,634.869739478958,634.869739478958,984.7695390781563,2080
131,598.7975951903808,598.7975951903808,598.7975951903808,2080
132,649.2985971943888,649.2985971943888,2110.0,2080
133,609.6192384769539,609.6192384769539,2110.0,2080
134,609.6192384769539,609.6192384769539,937.875751503006,2080
135,631.2625250501002,631.2625250501002,678.1563126252505,2080
136,620.440881763527,620.440881763527,1561.9238476953908,2080
137,606.0120240480962,606.0120240480962,1554.7094188376755,2080
138,602.4048096192384,602.4048096192384,811.623246492986,2080
139,620.440881763527,620.440881763527,818.8376753507014,2080
140,598.7975951903808,598.7975951903808,735.871743486974,2080
141,642.0841683366733,642.0841683366733,746.6933867735471,2080
142,602.4048096192384,602.4048096192384,851.3026052104209,2080
143,606.0120240480962,606.0120240480962,1042.4849699398799,2080
144,627.6553106212425,627.6553106212425,634.869739478958,2080
145,620.440881763527,620.440881763527,1482.565130260521,2080
146,634.869739478958,634.869739478958,2110.0,2080
147,620.440881763527,620.440881763527,1240.881763527054,2080
148,598.7975951903808,598.7975951903808,2110.0,2080
149,620.440881763527,620.440881763527,1168.7374749498997,2080
150,627.6553106212425,627.6553106212425,1579.9599198396793,2080
151,681.7635270541082,678.1563126252505,2110.0,2080
152,609.6192384769539,609.6192384769539,1745.8917835671343,2080
153,591.5831663326653,591.5831663326653,2110.0,2080
154,606.0120240480962,606.0120240480962,2110.0,2080
155,634.869739478958,634.869739478958,1789.1783567134269,2080
156,645.6913827655311,645.6913827655311,739.4789579158316,2080
157,620.440881763527,620.440881763527,757.5150300601202,2080
158,645.6913827655311,645.6913827655311,1684.569138276553,2080
159,598.7975951903808,598.7975951903808,602.4048096192384,2080
160,613.2264529058116,613.2264529058116,761.1222444889779,2080
161,624.0480961923848,624.0480961923848,1013.627254509018,2080
162,645.6913827655311,645.6913827655311,952.3046092184369,2080
163,606.0120240480962,606.0120240480962,927.0541082164328,2080
164,620.440881763527,620.440881763527,876.5531062124248,2080
165,616.8336673346694,616.8336673346694,1749.498997995992,2080
166,598.7975951903808,598.7975951903808,725.0501002004008,2080
167,638.4769539078156,638.4769539078156,1129.058116232465,2080
168,609.6192384769539,609.6192384769539,1453.7074148296592,2080
169,609.6192384769539,609.6192384769539,620.440881763527,2080
170,638.4769539078156,638.4769539078156,984.7695390781563,2080
171,634.869739478958,634.869739478958,973.9478957915832,2080
172,638.4769539078156,638.4769539078156,912.625250501002,2080
173,606.0120240480962,606.0120240480962,829.6593186372745,2080
174,598.7975951903808,598.7975951903808,869.3386773547094,2080
175,616.8336673346694,616.8336673346694,1089.37875751503,2080
176,627.6553106212425,627.6553106212425,1114.629258517034,2080
177,616.8336673346694,616.8336673346694,775.5511022044088,2080
178,624.0480961923848,624.0480961923848,1446.4929859719439,2080
179,602.4048096192384,602.4048096192384,1392.3847695390782,2080
180,620.440881763527,620.440881763527,2110.0,2080
181,584.3687374749499,584.3687374749499,1655.7114228456915,2080
182,631.2625250501002,631.2625250501002,1172.3446893787575,2080
183,634.869739478958,634.869739478958,876.5531062124248,2080
184,631.2625250501002,631.2625250501002,1395.991983967936,2080
185,631.2625250501002,631.2625250501002,869.3386773547094,2080
186,591.5831663326653,591.5831663326653,2110.0,2080
187,620.440881763527,620.440881763527,1313.0260521042085,2080
188,624.0480961923848,624.0480961923848,753.9078156312626,2080
189,602.4048096192384,602.4048096192384,771.9438877755512,2080
190,613.2264529058116,613.2264529058116,768.3366733466934,2080
191,624.0480961923848,624.0480961923848,844.0881763527054,2080
192,634.869739478958,634.869739478958,2110.0,2080
193,624.0480961923848,624.0480961923848,2110.0,2080
194,609.6192384769539,609.6192384769539,1273.3466933867735,2080
195,616.8336673346694,616.8336673346694,1352.7054108216432,2080
196,613.2264529058116,613.2264529058116,703.4068136272546,2080
197,631.2625250501002,631.2625250501002,782.7655310621243,2080
198,609.6192384769539,609.6192384769539,826.0521042084168,2080
199,616.8336673346694,616.8336673346694,2110.0,2080
200,631.2625250501002,631.2625250501002,1597.995991983968,2080
201,609.6192384769539,609.6192384769539,692.5851703406813,2080
202,616.8336673346694,616.8336673346694,851.3026052104209,2080
203,602.4048096192384,602.4048096192384,703.4068136272546,2080
204,606.0120240480962,606.0120240480962,707.0140280561122,2080
205,624.0480961923848,624.0480961923848,714.2284569138277,2080
206,620.440881763527,620.440881763527,1002.8056112224449,2080
207,598.7975951903808,598.7975951903808,984.7695390781563,2080
208,613.2264529058116,613.2264529058116,829.6593186372745,2080
209,613.2264529058116,613.2264529058116,782.7655310621243,2080
210,602.4048096192384,602.4048096192384,667.3346693386774,2080
211,606.0120240480962,606.0120240480962,1778.3567134268537,2080
212,634.869739478958,634.869739478958,1100.200400801603,2080
213,613.2264529058116,613.2264529058116,1064.1282565130261,2080
214,620.440881763527,620.440881763527,2110.0,2080
215,631.2625250501002,631.2625250501002,692.5851703406813,2080
216,606.0120240480962,606.0120240480962,1074.9498997995993,2080
217,609.6192384769539,609.6192384769539,739.4789579158316,2080
218,620.440881763527,620.440881763527,1092.9859719438878,2080
219,613.2264529058116,613.2264529058116,757.5150300601202,2080
220,613.2264529058116,613.2264529058116,2110.0,2080
221,638.4769539078156,638.4769539078156,2110.0,2080
222,649.2985971943888,649.2985971943888,2110.0,2080
223,627.6553106212425,627.6553106212425,2110.0,2080
224,645.6913827655311,631.2625250501002,2110.0,2080
225,591.5831663326653,591.5831663326653,2110.0,2080
226,620.440881763527,620.440881763527,1554.7094188376755,2080
227,624.0480961923848,620.440881763527,2110.0,2080
228,620.440881763527,616.8336673346694,2110.0,2080
229,620.440881763527,620.440881763527,2110.0,2080
230,638.4769539078156,638.4769539078156,1738.6773547094188,2080
231,613.2264529058116,613.2264529058116,2110.0,2080
232,609.6192384769539,609.6192384769539,656.5130260521042,2080
233,616.8336673346694,616.8336673346694,1587.1743486973949,2080
234,638.4769539078156,638.4769539078156,2110.0,2080
235,595.1903807615231,595.1903807615231,2110.0,2080
236,598.7975951903808,598.7975951903808,1453.7074148296592,2080
237,638.4769539078156,638.4769539078156,2120.0,2080
238,663.7274549098197,663.7274549098197,1096.5931863727455,2080
239,638.4769539078156,631.2625250501002,1713.426853707415,2080
240,634.869739478958,634.869739478958,1569.1382765531062,2080
241,631.2625250501002,631.2625250501002,2120.0,2080
242,627.6553106212425,627.6553106212425,634.869739478958,2080
243,620.440881763527,620.440881763527,2120.0,2080
244,602.4048096192384,598.7975951903808,2120.0,2080
245,627.6553106212425,627.6553106212425,1464.5290581162326,2080
246,660.1202404809619,660.1202404809619,2120.0,2080
247,642.0841683366733,642.0841683366733,981.1623246492986,2080
248,631.2625250501002,631.2625250501002,2120.0,2090
249,624.0480961923848,624.0480961923848,2120.0,2090
250,649.2985971943888,638.4769539078156,1731.4629258517034,2090
251,624.0480961923848,624.0480961923848,645.6913827655311,2090
252,631.2625250501002,627.6553106212425,1760.3206412825652,2090
253,631.2625250501002,631.2625250501002,2120.0,2090
254,631.2625250501002,631.2625250501002,652.9058116232464,2090
255,591.5831663326653,591.5831663326653,2120.0,2090
256,616.8336673346694,616.8336673346694,2120.0,2090
257,638.4769539078156,638.4769539078156,710.6212424849699,2090
258,642.0841683366733,642.0841683366733,1525.8517034068136,2090
259,652.9058116232464,652.9058116232464,725.0501002004008,2090
260,609.6192384769539,577.1543086172345,782.7655310621243,2090
261,627.6553106212425,569.939879759519,1201.2024048096193,2090
262,638.4769539078156,638.4769539078156,1500.6012024048096,2090
263,627.6553106212425,627.6553106212425,1468.1362725450902,2090
264,609.6192384769539,609.6192384769539,1684.569138276553,2090
265,616.8336673346694,616.8336673346694,2120.0,2090
266,656.5130260521042,656.5130260521042,2120.0,2090
267,591.5831663326653,591.5831663326653,1056.9138276553106,2090
268,620.440881763527,620.440881763527,642.0841683366733,2090
269,624.0480961923848,566.3326653306614,1168.7374749498997,2090
270,642.0841683366733,642.0841683366733,688.9779559118236,2090
271,660.1202404809619,660.1202404809619,2120.0,2090
272,577.1543086172345,577.1543086172345,2120.0,2090
273,613.2264529058116,613.2264529058116,1771.1422845691384,2090
274,613.2264529058116,613.2264529058116,2120.0,2090
275,634.869739478958,634.869739478958,909.0180360721444,2090
276,638.4769539078156,638.4769539078156,1547.4949899799599,2090
277,634.869739478958,634.869739478958,1107.4148296593187,2090
278,660.1202404809619,660.1202404809619,1056.9138276553106,2090
279,595.1903807615231,595.1903807615231,2120.0,2090
280,624.0480961923848,624.0480961923848,1486.1723446893789,2090
281,645.6913827655311,645.6913827655311,775.5511022044088,2090
282,645.6913827655311,645.6913827655311,775.5511022044088,2090
283,642.0841683366733,642.0841683366733,2120.0,2090
284,616.8336673346694,616.8336673346694,1561.9238476953908,2090
285,606.0120240480962,606.0120240480962,1540.2805611222445,2090
286,613.2264529058116,613.2264529058116,880.1603206412826,2090
287,606.0120240480962,606.0120240480962,955.9118236472946,2090
288,606.0120240480962,606.0120240480962,1616.0320641282565,2090
289,620.440881763527,551.9038076152304,2120.0,2090
290,634.869739478958,634.869739478958,2120.0,2090
291,624.0480961923848,624.0480961923848,2120.0,2090
292,631.2625250501002,631.2625250501002,2120.0,2090
293,613.2264529058116,613.2264529058116,2120.0,2090
294,606.0120240480962,606.0120240480962,1702.6052104208418,2090
295,616.8336673346694,616.8336673346694,2120.0,2090
296,627.6553106212425,627.6553106212425,1432.064128256513,2090
297,631.2625250501002,631.2625250501002,2120.0,2090
298,613.2264529058116,613.2264529058116,2120.0,2090
299,620.440881763527,620.440881763527,1601.6032064128258,2090
300,595.1903807615231,595.1903807615231,2120.0,2090
301,627.6553106212425,627.6553106212425,2120.0,2090
302,638.4769539078156,638.4769539078156,1421.2424849699398,2090
303,602.4048096192384,602.4048096192384,620.440881763527,2090
304,631.2625250501002,631.2625250501002,2120.0,2090
305,627.6553106212425,627.6553106212425,1067.7354709418837,2090
306,627.6553106212425,627.6553106212425,981.1623246492986,2090
307,613.2264529058116,613.2264529058116,2120.0,2090
308,616.8336673346694,616.8336673346694,678.1563126252505,2090
309,602.4048096192384,602.4048096192384,2120.0,2090
310,613.2264529058116,613.2264529058116,930.6613226452906,2090
311,642.0841683366733,642.0841683366733,963.12625250501,2090
312,638.4769539078156,638.4769539078156,883.7675350701403,2090
313,620.440881763527,620.440881763527,2120.0,2090
314,634.869739478958,634.869739478958,2120.0,2090
315,598.7975951903808,598.7975951903808,764.7294589178357,2090
316,609.6192384769539,609.6192384769539,620.440881763527,2090
317,609.6192384769539,609.6192384769539,616.8336673346694,2090
318,609.6192384769539,609.6192384769539,2120.0,2090
319,634.869739478958,634.869739478958,2120.0,2090
320,609.6192384769539,609.6192384769539,2120.0,2090
321,631.2625250501002,631.2625250501002,1742.2845691382765,2090
322,638.4769539078156,638.4769539078156,1305.811623246493,2090
323,620.440881763527,620.440881763527,2120.0,2090
324,627.6553106212425,627.6553106212425,1258.9178356713428,2090
325,620.440881763527,620.440881763527,2120.0,2090
326,595.1903807615231,595.1903807615231,1659.318637274549,2090
327,631.2625250501002,631.2625250501002,959.5190380761524,2090
328,649.2985971943888,649.2985971943888,1359.9198396793588,2090
329,595.1903807615231,595.1903807615231,609.6192384769539,2090
330,609.6192384769539,609.6192384769539,1284.1683366733466,2090
331,613.2264529058116,613.2264529058116,2120.0,2090
332,616.8336673346694,584.3687374749499,811.623246492986,2090
333,638.4769539078156,638.4769539078156,1673.74749498998,2090
334,598.7975951903808,598.7975951903808,616.8336673346694,2090
335,616.8336673346694,616.8336673346694,894.5891783567134,2090
336,606.0120240480962,295.79158316633266,1305.811623246493,2090
337,638.4769539078156,634.869739478958,1168.7374749498997,2090
338,627.6553106212425,627.6553106212425,973.9478957915832,2090
339,613.2264529058116,613.2264529058116,2120.0,2090
340,609.6192384769539,609.6192384769539,2120.0,2090
341,642.0841683366733,642.0841683366733,681.7635270541082,2090
342,645.6913827655311,645.6913827655311,707.0140280561122,2090
343,642.0841683366733,642.0841683366733,2120.0,2090
344,609.6192384769539,580.7615230460922,808.0160320641282,2090
345,627.6553106212425,627.6553106212425,631.2625250501002,2090
346,642.0841683366733,642.0841683366733,681.7635270541082,2090
347,606.0120240480962,606.0120240480962,1208.4168336673347,2090
348,613.2264529058116,606.0120240480962,1399.5991983967936,2090
349,595.1903807615231,595.1903807615231,1284.1683366733466,2090
350,577.1543086172345,577.1543086172345,2120.0,2090
351,620.440881763527,306.6132264529058,1100.200400801603,2090
352,595.1903807615231,595.1903807615231,613.2264529058116,2090
353,609.6192384769539,609.6192384769539,1695.3907815631262,2090
354,620.440881763527,620.440881763527,2130.0,2090
355,642.0841683366733,642.0841683366733,1800.0,2090
356,616.8336673346694,616.8336673346694,1258.9178356713428,2090
357,613.2264529058116,613.2264529058116,1161.5230460921844,2090
358,598.7975951903808,598.7975951903808,1028.056112224449,2090
359,591.5831663326653,591.5831663326653,1540.2805611222445,2090
360,642.0841683366733,642.0841683366733,2130.0,2090
361,638.4769539078156,638.4769539078156,1428.4569138276554,2090
362,616.8336673346694,616.8336673346694,1049.6993987975952,2090
363,649.2985971943888,649.2985971943888,2130.0,2090
364,606.0120240480962,606.0120240480962,1255.310621242485,2090
365,624.0480961923848,624.0480961923848,1298.5971943887776,2090
366,613.2264529058116,613.2264529058116,1424.8496993987976,2090
367,613.2264529058116,613.2264529058116,1139.879759519038,2090
368,616.8336673346694,616.8336673346694,1258.9178356713428,2090
369,609.6192384769539,609.6192384769539,1280.561122244489,2090
370,624.0480961923848,624.0480961923848,717.8356713426854,2090
371,638.4769539078156,638.4769539078156,1507.8156312625251,2090
372,634.869739478958,634.869739478958,2130.0,2090
373,602.4048096192384,602.4048096192384,609.6192384769539,2090
374,613.2264529058116,613.2264529058116,1024.4488977955912,2090
375,624.0480961923848,595.1903807615231,1702.6052104208418,2090
376,642.0841683366733,609.6192384769539,2130.0,2090
377,627.6553106212425,627.6553106212425,793.5871743486974,2090
378,620.440881763527,620.440881763527,2130.0,2090
379,627.6553106212425,627.6553106212425,1323.8476953907816,2090
380,624.0480961923848,624.0480961923848,681.7635270541082,2090
381,595.1903807615231,595.1903807615231,739.4789579158316,2090
382,631.2625250501002,631.2625250501002,1547.4949899799599,2090
383,631.2625250501002,631.2625250501002,1067.7354709418837,2090
384,624.0480961923848,624.0480961923848,2130.0,2090
385,609.6192384769539,609.6192384769539,2130.0,2090
386,642.0841683366733,642.0841683366733,2130.0,2090
387,642.0841683366733,642.0841683366733,959.5190380761524,2090
388,591.5831663326653,591.5831663326653,1013.627254509018,2090
389,613.2264529058116,613.2264529058116,2130.0,2090
390,627.6553106212425,627.6553106212425,1428.4569138276554,2090
391,638.4769539078156,638.4769539078156,1706.2124248496993,2090
392,613.2264529058116,613.2264529058116,2130.0,2090
393,642.0841683366733,642.0841683366733,663.7274549098197,2090
394,598.7975951903808,598.7975951903808,2130.0,2090
395,613.2264529058116,613.2264529058116,2130.0,2090
396,595.1903807615231,595.1903807615231,2130.0,2090
397,613.2264529058116,613.2264529058116,829.6593186372745,2090
398,624.0480961923848,624.0480961923848,1204.809619238477,2090
399,616.8336673346694,616.8336673346694,2130.0,2090
400,606.0120240480962,606.0120240480962,1118.2364729458918,2090
401,620.440881763527,620.440881763527,1688.1763527054109,2090
402,642.0841683366733,642.0841683366733,663.7274549098197,2090
403,638.4769539078156,638.4769539078156,656.5130260521042,2090
404,624.0480961923848,624.0480961923848,844.0881763527054,2090
405,624.0480961923848,624.0480961923848,631.2625250501002,2090
406,591.5831663326653,591.5831663326653,2130.0,2090
407,609.6192384769539,609.6192384769539,2130.0,2090
408,649.2985971943888,649.2985971943888,786.372745490982,2090
409,627.6553106212425,609.6192384769539,1237.2745490981963,2090
410,638.4769539078156,638.4769539078156,1103.807615230461,2090
411,624.0480961923848,624.0480961923848,1035.2705410821643,2090
412,620.440881763527,620.440881763527,1381.563126252505,2090
413,613.2264529058116,613.2264529058116,1507.8156312625251,2090
414,609.6192384769539,609.6192384769539,642.0841683366733,2090
415,602.4048096192384,602.4048096192384,2130.0,2090
416,602.4048096192384,602.4048096192384,2130.0,2090
417,627.6553106212425,627.6553106212425,631.2625250501002,2090
418,595.1903807615231,595.1903807615231,598.7975951903808,2090
419,634.869739478958,634.869739478958,1118.2364729458918,2090
420,591.5831663326653,591.5831663326653,2130.0,2090
421,624.0480961923848,624.0480961923848,1720.6412825651303,2090
422,627.6553106212425,627.6553106212425,1179.559118236473,2090
423,616.8336673346694,616.8336673346694,1103.807615230461,2090
424,616.8336673346694,616.8336673346694,1074.9498997995993,2090
425,649.2985971943888,649.2985971943888,1078.5571142284568,2090
426,620.440881763527,620.440881763527,786.372745490982,2090
427,620.440881763527,620.440881763527,1478.9579158316633,2090
428,631.2625250501002,631.2625250501002,1067.7354709418837,2090
429,620.440881763527,620.440881763527,1695.3907815631262,2090
430,613.2264529058116,613.2264529058116,714.2284569138277,2090
431,634.869739478958,634.869739478958,1515.0300601202405,2090
432,634.869739478958,634.869739478958,2130.0,2090
433,624.0480961923848,624.0480961923848,1680.9619238476955,2090
434,627.6553106212425,627.6553106212425,1529.4589178356714,2090
435,638.4769539078156,638.4769539078156,1287.7755511022044,2090
436,602.4048096192384,602.4048096192384,1269.739478957916,2090
437,634.869739478958,634.869739478958,901.8036072144289,2090
438,606.0120240480962,606.0120240480962,613.2264529058116,2090
439,620.440881763527,620.440881763527,1706.2124248496993,2090
440,609.6192384769539,609.6192384769539,1132.6653306613227,2090
441,624.0480961923848,624.0480961923848,890.9819639278558,2090
442,616.8336673346694,616.8336673346694,624.0480961923848,2090
443,656.5130260521042,656.5130260521042,707.0140280561122,2090
444,620.440881763527,620.440881763527,750.3006012024048,2090
445,602.4048096192384,602.4048096192384,1082.1643286573146,2090
446,620.440881763527,620.440881763527,1316.6332665330663,2090
447,609.6192384769539,609.6192384769539,1287.7755511022044,2090
448,616.8336673346694,616.8336673346694,1695.3907815631262,2090
449,627.6553106212425,2100.0,2130.0,2090
450,602.4048096192384,602.4048096192384,707.0140280561122,2090
451,627.6553106212425,627.6553106212425,2130.0,2090
452,613.2264529058116,613.2264529058116,1421.2424849699398,2090
453,606.0120240480962,606.0120240480962,624.0480961923848,2090
454,595.1903807615231,595.1903807615231,1349.0981963927857,2090
455,634.869739478958,634.869739478958,1042.4849699398799,2090
456,645.6913827655311,645.6913827655311,649.2985971943888,2090
457,620.440881763527,620.440881763527,627.6553106212425,2090
458,598.7975951903808,598.7975951903808,872.9458917835672,2090
459,609.6192384769539,606.0120240480962,1594.3887775551102,2090
460,616.8336673346694,616.8336673346694,624.0480961923848,2090
461,616.8336673346694,616.8336673346694,1010.0200400801604,2090
462,591.5831663326653,591.5831663326653,1475.3507014028057,2090
463,584.3687374749499,584.3687374749499,1634.0681362725452,2090
464,642.0841683366733,642.0841683366733,945.0901803607214,2090
465,591.5831663326653,591.5831663326653,642.0841683366733,2090
466,609.6192384769539,609.6192384769539,854.9098196392786,2090
467,609.6192384769539,609.6192384769539,865.7314629258517,2090
468,598.7975951903808,598.7975951903808,1121.8436873747496,2090
469,613.2264529058116,613.2264529058116,1237.2745490981963,2090
470,602.4048096192384,602.4048096192384,1230.060120240481,2090
471,631.2625250501002,631.2625250501002,1125.4509018036072,2090
472,602.4048096192384,602.4048096192384,685.370741482966,2090
473,598.7975951903808,598.7975951903808,728.6573146292585,2090
474,620.440881763527,620.440881763527,inf,2090
475,627.6553106212425,627.6553106212425,1147.0941883767534,2090
476,595.1903807615231,595.1903807615231,1017.2344689378758,2090
477,624.0480961923848,624.0480961923848,1064.1282565130261,2090
478,624.0480961923848,624.0480961923848,631.2625250501002,2090
479,624.0480961923848,624.0480961923848,1800.0,2090
480,606.0120240480962,606.0120240480962,1468.1362725450902,2090
481,624.0480961923848,624.0480961923848,1100.200400801603,2090
482,609.6192384769539,609.6192384769539,1298.5971943887776,2090
483,609.6192384769539,609.6192384769539,1053.306613226453,2090
484,609.6192384769539,609.6192384769539,inf,2090
485,609.6192384769539,609.6192384769539,1785.571142284569,2090
486,591.5831663326653,591.5831663326653,1150.7014028056112,2090
487,631.2625250501002,631.2625250501002,1046.0921843687374,2090
488,606.0120240480962,606.0120240480962,1760.3206412825652,2090
489,631.2625250501002,631.2625250501002,638.4769539078156,2090
490,595.1903807615231,595.1903807615231,1554.7094188376755,2090
491,627.6553106212425,627.6553106212425,1695.3907815631262,2090
492,638.4769539078156,638.4769539078156,642.0841683366733,2090
493,602.4048096192384,602.4048096192384,631.2625250501002,2090
494,602.4048096192384,602.4048096192384,1129.058116232465,2090
495,620.440881763527,620.440881763527,631.2625250501002,2090
496,624.0480961923848,624.0480961923848,inf,2090
497,634.869739478958,634.869739478958,inf,2100
498,616.8336673346694,616.8336673346694,inf,2100
499,631.2625250501002,631.2625250501002,634.869739478958,2100
500,631.2625250501002,631.2625250501002,1475.3507014028057,2100
501,631.2625250501002,631.2625250501002,1395.991983967936,2100
502,627.6553106212425,627.6553106212425,1302.2044088176353,2100
503,602.4048096192384,602.4048096192384,761.1222444889779,2100
504,609.6192384769539,609.6192384769539,1406.8136272545091,2100
505,595.1903807615231,595.1903807615231,inf,2100
506,638.4769539078156,638.4769539078156,inf,2100
507,591.5831663326653,591.5831663326653,620.440881763527,2100
508,620.440881763527,620.440881763527,inf,2100
509,634.869739478958,634.869739478958,1392.3847695390782,2100
510,587.9759519038076,587.9759519038076,620.440881763527,2100
511,634.869739478958,634.869739478958,inf,2100
512,606.0120240480962,606.0120240480962,1212.0240480961925,2100
513,609.6192384769539,609.6192384769539,1168.7374749498997,2100
514,624.0480961923848,624.0480961923848,1294.9899799599198,2100
515,616.8336673346694,616.8336673346694,1143.4869739478959,2100
516,616.8336673346694,616.8336673346694,1096.5931863727455,2100
517,616.8336673346694,616.8336673346694,1175.9519038076153,2100
518,631.2625250501002,631.2625250501002,1727.8557114228456,2100
519,577.1543086172345,577.1543086172345,inf,2100
520,613.2264529058116,613.2264529058116,642.0841683366733,2100
521,634.869739478958,634.869739478958,678.1563126252505,2100
522,620.440881763527,2100.0,1504.2084168336673,2100
523,620.440881763527,620.440881763527,627.6553106212425,2100
524,634.869739478958,634.869739478958,642.0841683366733,2100
525,649.2985971943888,649.2985971943888,inf,2100
526,2100.0,620.440881763527,1464.5290581162326,2100
527,627.6553106212425,627.6553106212425,670.941883767535,2100
528,606.0120240480962,606.0120240480962,1269.739478957916,2100
529,606.0120240480962,606.0120240480962,652.9058116232464,2100
530,602.4048096192384,602.4048096192384,1554.7094188376755,2100
531,613.2264529058116,613.2264529058116,1547.4949899799599,2100
532,602.4048096192384,602.4048096192384,880.1603206412826,2100
533,620.440881763527,620.440881763527,1745.8917835671343,2100
534,624.0480961923848,624.0480961923848,inf,2100
535,613.2264529058116,613.2264529058116,1662.9258517034068,2100
536,634.869739478958,634.869739478958,1248.0961923847697,2100
537,620.440881763527,620.440881763527,1165.1302605210421,2100
538,620.440881763527,620.440881763527,743.0861723446894,2100
539,642.0841683366733,642.0841683366733,1125.4509018036072,2100
540,587.9759519038076,587.9759519038076,inf,2100
541,606.0120240480962,606.0120240480962,649.2985971943888,2100
542,645.6913827655311,645.6913827655311,732.2645290581163,2100
543,638.4769539078156,638.4769539078156,836.87374749499,2100
544,595.1903807615231,595.1903807615231,808.0160320641282,2100
545,613.2264529058116,613.2264529058116,inf,2100
546,616.8336673346694,616.8336673346694,1031.6633266533067,2100
547,645.6913827655311,645.6913827655311,inf,2100
548,616.8336673346694,616.8336673346694,782.7655310621243,2100
549,627.6553106212425,627.6553106212425,inf,2100
550,620.440881763527,620.440881763527,624.0480961923848,2100
551,627.6553106212425,627.6553106212425,757.5150300601202,2100
552,634.869739478958,634.869739478958,768.3366733466934,2100
553,606.0120240480962,606.0120240480962,1010.0200400801604,2100
554,638.4769539078156,638.4769539078156,1269.739478957916,2100
555,645.6913827655311,645.6913827655311,1244.4889779559119,2100
556,649.2985971943888,649.2985971943888,1536.6733466933867,2100
557,613.2264529058116,613.2264529058116,894.5891783567134,2100
558,631.2625250501002,631.2625250501002,1002.8056112224449,2100
559,602.4048096192384,602.4048096192384,1493.3867735470942,2100
560,616.8336673346694,616.8336673346694,808.0160320641282,2100
561,587.9759519038076,587.9759519038076,797.1943887775551,2100
562,606.0120240480962,606.0120240480962,710.6212424849699,2100
563,624.0480961923848,624.0480961923848,656.5130260521042,2100
564,631.2625250501002,631.2625250501002,743.0861723446894,2100
565,609.6192384769539,609.6192384769539,1446.4929859719439,2100
566,620.440881763527,620.440881763527,inf,2100
567,624.0480961923848,624.0480961923848,652.9058116232464,2100
568,638.4769539078156,638.4769539078156,638.4769539078156,2100
569,616.8336673346694,616.8336673346694,1630.4609218436874,2100
570,609.6192384769539,609.6192384769539,1594.3887775551102,2100
571,624.0480961923848,624.0480961923848,inf,2100
572,595.1903807615231,595.1903807615231,862.124248496994,2100
573,587.9759519038076,587.9759519038076,663.7274549098197,2100
574,598.7975951903808,598.7975951903808,952.3046092184369,2100
575,624.0480961923848,624.0480961923848,1572.745490981964,2100
576,627.6553106212425,2100.0,1565.5310621242486,2100
577,638.4769539078156,638.4769539078156,1460.9218436873748,2100
578,613.2264529058116,613.2264529058116,1551.1022044088177,2100
579,602.4048096192384,602.4048096192384,743.0861723446894,2100
580,631.2625250501002,631.2625250501002,631.2625250501002,2100
581,631.2625250501002,631.2625250501002,710.6212424849699,2100
582,613.2264529058116,609.6192384769539,1403.2064128256513,2100
583,602.4048096192384,602.4048096192384,inf,2100
584,616.8336673346694,616.8336673346694,inf,2100
585,616.8336673346694,616.8336673346694,649.2985971943888,2100
586,634.869739478958,634.869739478958,955.9118236472946,2100
587,620.440881763527,606.0120240480962,inf,2100
588,638.4769539078156,638.4769539078156,1136.2725450901803,2100
589,624.0480961923848,624.0480961923848,inf,2100
590,602.4048096192384,602.4048096192384,750.3006012024048,2100
591,609.6192384769539,609.6192384769539,1482.565130260521,2100
592,616.8336673346694,616.8336673346694,1237.2745490981963,2100
593,587.9759519038076,587.9759519038076,591.5831663326653,2100
594,606.0120240480962,606.0120240480962,609.6192384769539,2100
595,620.440881763527,620.440881763527,649.2985971943888,2100
596,606.0120240480962,606.0120240480962,634.869739478958,2100
597,631.2625250501002,631.2625250501002,656.5130260521042,2100
598,627.6553106212425,613.2264529058116,inf,2100
599,613.2264529058116,613.2264529058116,inf,2100
600,609.6192384769539,609.6192384769539,1031.6633266533067,2100
601,609.6192384769539,609.6192384769539,inf,2100
602,598.7975951903808,595.1903807615231,inf,2100
603,609.6192384769539,609.6192384769539,634.869739478958,2100
604,609.6192384769539,609.6192384769539,631.2625250501002,2100
605,624.0480961923848,609.6192384769539,inf,2100
606,606.0120240480962,606.0120240480962,757.5150300601202,2100
607,602.4048096192384,595.1903807615231,inf,2100
608,602.4048096192384,602.4048096192384,1215.63126252505,2100
609,620.440881763527,620.440881763527,642.0841683366733,2100
610,624.0480961923848,624.0480961923848,1370.741482965932,2100
611,613.2264529058116,613.2264529058116,1421.2424849699398,2100
612,602.4048096192384,602.4048096192384,1662.9258517034068,2100
613,616.8336673346694,616.8336673346694,642.0841683366733,2100
614,598.7975951903808,598.7975951903808,880.1603206412826,2100
615,606.0120240480962,606.0120240480962,inf,2100
616,631.2625250501002,627.6553106212425,927.0541082164328,2100
617,616.8336673346694,616.8336673346694,1240.881763527054,2100
618,613.2264529058116,613.2264529058116,613.2264529058116,2100
619,627.6553106212425,627.6553106212425,1092.9859719438878,2100
620,631.2625250501002,631.2625250501002,652.9058116232464,2100
621,609.6192384769539,609.6192384769539,1547.4949899799599,2100
622,598.7975951903808,598.7975951903808,771.9438877755512,2100
623,624.0480961923848,624.0480961923848,955.9118236472946,2100
624,613.2264529058116,613.2264529058116,1504.2084168336673,2100
625,620.440881763527,620.440881763527,1551.1022044088177,2100
626,631.2625250501002,631.2625250501002,1035.2705410821643,2100
627,613.2264529058116,613.2264529058116,645.6913827655311,2100
628,616.8336673346694,616.8336673346694,714.2284569138277,2100
629,591.5831663326653,591.5831663326653,609.6192384769539,2100
630,638.4769539078156,638.4769539078156,779.1583166332665,2100
631,616.8336673346694,616.8336673346694,638.4769539078156,2100
632,620.440881763527,620.440881763527,inf,2100
633,638.4769539078156,638.4769539078156,927.0541082164328,2100
634,631.2625250501002,631.2625250501002,851.3026052104209,2100
635,624.0480961923848,624.0480961923848,inf,2100
636,620.440881763527,620.440881763527,901.8036072144289,2100
637,613.2264529058116,613.2264529058116,inf,2100
638,606.0120240480962,606.0120240480962,inf,2100
639,598.7975951903808,598.7975951903808,1792.7855711422847,2100
640,584.3687374749499,580.7615230460922,inf,2100
641,620.440881763527,620.440881763527,inf,2100
642,649.2985971943888,642.0841683366733,inf,2100
643,602.4048096192384,602.4048096192384,606.0120240480962,2100
644,595.1903807615231,595.1903807615231,inf,2100
645,613.2264529058116,613.2264529058116,1659.318637274549,2100
646,591.5831663326653,591.5831663326653,927.0541082164328,2100
647,624.0480961923848,624.0480961923848,793.5871743486974,2100
648,613.2264529058116,613.2264529058116,1074.9498997995993,2100
649,591.5831663326653,591.5831663326653,inf,2100
650,620.440881763527,620.440881763527,620.440881763527,2100
651,598.7975951903808,595.1903807615231,inf,2100
652,606.0120240480962,606.0120240480962,865.7314629258517,2100
653,584.3687374749499,584.3687374749499,1190.3807615230462,2100
654,602.4048096192384,602.4048096192384,1284.1683366733466,2100
655,616.8336673346694,616.8336673346694,inf,2100
656,591.5831663326653,591.5831663326653,620.440881763527,2100
657,591.5831663326653,591.5831663326653,1316.6332665330663,2100
658,616.8336673346694,616.8336673346694,616.8336673346694,2100
659,624.0480961923848,624.0480961923848,1258.9178356713428,2100
660,606.0120240480962,606.0120240480962,1323.8476953907816,2100
661,606.0120240480962,606.0120240480962,854.9098196392786,2100
662,616.8336673346694,616.8336673346694,inf,2100
663,631.2625250501002,631.2625250501002,732.2645290581163,2100
664,613.2264529058116,613.2264529058116,638.4769539078156,2100
665,616.8336673346694,616.8336673346694,1013.627254509018,2100
666,606.0120240480962,606.0120240480962,631.2625250501002,2100
667,620.440881763527,620.440881763527,1276.9539078156313,2100
668,595.1903807615231,595.1903807615231,inf,2100
669,624.0480961923848,624.0480961923848,782.7655310621243,2100
670,613.2264529058116,613.2264529058116,1240.881763527054,2100
671,613.2264529058116,613.2264529058116,1334.6693386773547,2100
672,631.2625250501002,631.2625250501002,1460.9218436873748,2100
673,602.4048096192384,602.4048096192384,869.3386773547094,2100
674,634.869739478958,634.869739478958,761.1222444889779,2100
675,624.0480961923848,624.0480961923848,728.6573146292585,2100
676,613.2264529058116,613.2264529058116,627.6553106212425,2100
677,616.8336673346694,616.8336673346694,656.5130260521042,2100
678,624.0480961923848,624.0480961923848,1381.563126252505,2100
679,634.869739478958,634.869739478958,inf,2100
680,631.2625250501002,631.2625250501002,inf,2100
681,613.2264529058116,613.2264529058116,inf,2100
682,606.0120240480962,606.0120240480962,970.3406813627255,2100
683,620.440881763527,620.440881763527,692.5851703406813,2100
684,624.0480961923848,624.0480961923848,692.5851703406813,2100
685,620.440881763527,620.440881763527,887.374749498998,2100
686,606.0120240480962,606.0120240480962,995.5911823647294,2100
687,595.1903807615231,591.5831663326653,inf,2100
688,645.6913827655311,645.6913827655311,652.9058116232464,2100
689,638.4769539078156,638.4769539078156,685.370741482966,2100
690,613.2264529058116,613.2264529058116,1724.248496993988,2100
691,613.2264529058116,613.2264529058116,inf,2100
692,616.8336673346694,613.2264529058116,inf,2100
693,624.0480961923848,624.0480961923848,inf,2100
694,595.1903807615231,595.1903807615231,inf,2100
695,620.440881763527,620.440881763527,984.7695390781563,2100
696,602.4048096192384,598.7975951903808,inf,2100
697,634.869739478958,634.869739478958,inf,2100
698,634.869739478958,634.869739478958,815.2304609218437,2100
699,591.5831663326653,591.5831663326653,822.4448897795592,2100
700,652.9058116232464,652.9058116232464,670.941883767535,2100
701,598.7975951903808,598.7975951903808,1367.1342685370741,2100
702,624.0480961923848,624.0480961923848,inf,2100
703,609.6192384769539,609.6192384769539,717.8356713426854,2100
704,606.0120240480962,606.0120240480962,638.4769539078156,2100
705,634.869739478958,634.869739478958,inf,2100
706,642.0841683366733,642.0841683366733,inf,2100
707,613.2264529058116,613.2264529058116,616.8336673346694,2100
708,595.1903807615231,595.1903807615231,1334.6693386773547,2100
709,620.440881763527,620.440881763527,970.3406813627255,2100
710,580.7615230460922,580.7615230460922,984.7695390781563,2100
711,642.0841683366733,642.0841683366733,1002.8056112224449,2100
712,602.4048096192384,595.1903807615231,inf,2100
713,624.0480961923848,620.440881763527,inf,2100
714,595.1903807615231,595.1903807615231,inf,2100
715,613.2264529058116,613.2264529058116,620.440881763527,2100
716,627.6553106212425,627.6553106212425,638.4769539078156,2100
717,620.440881763527,620.440881763527,699.7995991983968,2100
718,631.2625250501002,631.2625250501002,inf,2100
719,624.0480961923848,624.0480961923848,inf,2100
720,613.2264529058116,613.2264529058116,inf,2100
721,631.2625250501002,631.2625250501002,797.1943887775551,2100
722,602.4048096192384,602.4048096192384,inf,2100
723,616.8336673346694,616.8336673346694,710.6212424849699,2100
724,613.2264529058116,613.2264529058116,1060.5210420841684,2100
725,627.6553106212425,627.6553106212425,1385.1703406813626,2100
726,634.869739478958,634.869739478958,1341.88376753507,2100
727,616.8336673346694,616.8336673346694,699.7995991983968,2100
728,609.6192384769539,609.6192384769539,826.0521042084168,2100
729,616.8336673346694,616.8336673346694,833.2665330661323,2100
730,627.6553106212425,627.6553106212425,901.8036072144289,2100
731,602.4048096192384,602.4048096192384,642.0841683366733,2100
732,620.440881763527,620.440881763527,inf,2100
733,613.2264529058116,613.2264529058116,1518.6372745490983,2100
734,613.2264529058116,613.2264529058116,656.5130260521042,2100
735,609.6192384769539,609.6192384769539,652.9058116232464,2100
736,613.2264529058116,613.2264529058116,688.9779559118236,2100
737,620.440881763527,620.440881763527,660.1202404809619,2100
738,620.440881763527,620.440881763527,inf,2100
739,624.0480961923848,624.0480961923848,624.0480961923848,2100
740,613.2264529058116,613.2264529058116,1359.9198396793588,2100
741,598.7975951903808,598.7975951903808,1327.4549098196394,2100
742,595.1903807615231,595.1903807615231,595.1903807615231,2100
743,598.7975951903808,598.7975951903808,826.0521042084168,2100
744,616.8336673346694,616.8336673346694,916.2324649298597,2100
745,616.8336673346694,616.8336673346694,1338.2765531062125,2110
746,634.869739478958,634.869739478958,inf,2110
747,624.0480961923848,624.0480961923848,725.0501002004008,2110
748,587.9759519038076,587.9759519038076,1161.5230460921844,2110
749,613.2264529058116,613.2264529058116,923.4468937875752,2110
750,645.6913827655311,645.6913827655311,624.0480961923848,2110
751,616.8336673346694,616.8336673346694,inf,2110
752,613.2264529058116,613.2264529058116,955.9118236472946,2110
753,606.0120240480962,587.9759519038076,inf,2110
754,613.2264529058116,613.2264529058116,696.1923847695391,2110
755,606.0120240480962,606.0120240480962,1215.63126252505,2110
756,2100.0,624.0480961923848,945.0901803607214,2110
757,638.4769539078156,638.4769539078156,642.0841683366733,2110
758,602.4048096192384,602.4048096192384,inf,2110
759,2100.0,624.0480961923848,inf,2110
760,591.5831663326653,591.5831663326653,inf,2110
761,631.2625250501002,631.2625250501002,645.6913827655311,2110
762,606.0120240480962,606.0120240480962,606.0120240480962,2110
763,613.2264529058116,613.2264529058116,inf,2110
764,602.4048096192384,602.4048096192384,912.625250501002,2110
765,634.869739478958,634.869739478958,inf,2110
766,606.0120240480962,606.0120240480962,1100.200400801603,2110
767,631.2625250501002,631.2625250501002,634.869739478958,2110
768,638.4769539078156,638.4769539078156,674.5490981963928,2110
769,613.2264529058116,609.6192384769539,inf,2110
770,624.0480961923848,624.0480961923848,771.9438877755512,2110
771,609.6192384769539,609.6192384769539,984.7695390781563,2110
772,602.4048096192384,602.4048096192384,613.2264529058116,2110
773,580.7615230460922,580.7615230460922,577.1543086172345,2110
774,587.9759519038076,587.9759519038076,1284.1683366733466,2110
775,620.440881763527,620.440881763527,inf,2110
776,602.4048096192384,602.4048096192384,624.0480961923848,2110
777,627.6553106212425,627.6553106212425,1147.0941883767534,2110
778,624.0480961923848,624.0480961923848,624.0480961923848,2110
779,598.7975951903808,598.7975951903808,1013.627254509018,2110
780,602.4048096192384,602.4048096192384,808.0160320641282,2110
781,620.440881763527,620.440881763527,916.2324649298597,2110
782,606.0120240480962,606.0120240480962,1417.6352705410823,2110
783,616.8336673346694,616.8336673346694,1035.2705410821643,2110
784,609.6192384769539,609.6192384769539,649.2985971943888,2110
785,631.2625250501002,631.2625250501002,1168.7374749498997,2110
786,609.6192384769539,609.6192384769539,652.9058116232464,2110
787,631.2625250501002,631.2625250501002,844.0881763527054,2110
788,602.4048096192384,602.4048096192384,638.4769539078156,2110
789,645.6913827655311,645.6913827655311,728.6573146292585,2110
790,631.2625250501002,631.2625250501002,inf,2110
791,602.4048096192384,602.4048096192384,808.0160320641282,2110
792,602.4048096192384,602.4048096192384,inf,2110
793,627.6553106212425,627.6553106212425,1204.809619238477,2110
794,620.440881763527,620.440881763527,634.869739478958,2110
795,606.0120240480962,606.0120240480962,652.9058116232464,2110
796,627.6553106212425,627.6553106212425,660.1202404809619,2110
797,616.8336673346694,580.7615230460922,inf,2110
798,598.7975951903808,598.7975951903808,1320.2404809619238,2110
799,609.6192384769539,609.6192384769539,inf,2110
800,620.440881763527,620.440881763527,732.2645290581163,2110
801,620.440881763527,620.440881763527,732.2645290581163,2110
802,609.6192384769539,609.6192384769539,inf,2110
803,606.0120240480962,606.0120240480962,1010.0200400801604,2110
804,638.4769539078156,638.4769539078156,1193.9879759519038,2110
805,606.0120240480962,606.0120240480962,840.4809619238478,2110
806,609.6192384769539,609.6192384769539,789.9799599198396,2110
807,634.869739478958,634.869739478958,667.3346693386774,2110
808,606.0120240480962,606.0120240480962,858.5170340681362,2110
809,624.0480961923848,624.0480961923848,927.0541082164328,2110
810,598.7975951903808,598.7975951903808,652.9058116232464,2110
811,613.2264529058116,613.2264529058116,inf,2110
812,613.2264529058116,613.2264529058116,inf,2110
813,613.2264529058116,613.2264529058116,1240.881763527054,2110
814,613.2264529058116,613.2264529058116,681.7635270541082,2110
815,609.6192384769539,609.6192384769539,1089.37875751503,2110
816,584.3687374749499,584.3687374749499,inf,2110
817,591.5831663326653,591.5831663326653,656.5130260521042,2110
818,624.0480961923848,624.0480961923848,inf,2110
819,606.0120240480962,606.0120240480962,inf,2110
820,598.7975951903808,598.7975951903808,inf,2110
821,620.440881763527,620.440881763527,1107.4148296593187,2110
822,595.1903807615231,595.1903807615231,815.2304609218437,2110
823,638.4769539078156,638.4769539078156,1385.1703406813626,2110
824,2100.0,620.440881763527,692.5851703406813,2110
825,609.6192384769539,609.6192384769539,inf,2110
826,620.440881763527,620.440881763527,1695.3907815631262,2110
827,620.440881763527,620.440881763527,862.124248496994,2110
828,642.0841683366733,642.0841683366733,1287.7755511022044,2110
829,587.9759519038076,587.9759519038076,797.1943887775551,2110
830,591.5831663326653,591.5831663326653,963.12625250501,2110
831,613.2264529058116,613.2264529058116,862.124248496994,2110
832,624.0480961923848,624.0480961923848,1662.9258517034068,2110
833,616.8336673346694,616.8336673346694,660.1202404809619,2110
834,598.7975951903808,598.7975951903808,inf,2110
835,598.7975951903808,598.7975951903808,inf,2110
836,606.0120240480962,606.0120240480962,inf,2110
837,609.6192384769539,609.6192384769539,768.3366733466934,2110
838,602.4048096192384,602.4048096192384,inf,2110
839,624.0480961923848,624.0480961923848,inf,2110
840,616.8336673346694,616.8336673346694,inf,2110
841,609.6192384769539,609.6192384769539,inf,2110
842,634.869739478958,634.869739478958,948.6973947895792,2110
843,609.6192384769539,609.6192384769539,649.2985971943888,2110
844,631.2625250501002,631.2625250501002,inf,2110
845,631.2625250501002,631.2625250501002,inf,2110
846,642.0841683366733,642.0841683366733,1374.3486973947895,2110
847,631.2625250501002,631.2625250501002,667.3346693386774,2110
848,624.0480961923848,624.0480961923848,1572.745490981964,2110
849,627.6553106212425,627.6553106212425,inf,2110
850,638.4769539078156,638.4769539078156,inf,2110
851,631.2625250501002,631.2625250501002,660.1202404809619,2110
852,624.0480961923848,624.0480961923848,652.9058116232464,2110
853,624.0480961923848,624.0480961923848,1028.056112224449,2110
854,631.2625250501002,631.2625250501002,1165.1302605210421,2110
855,634.869739478958,634.869739478958,1121.8436873747496,2110
856,627.6553106212425,627.6553106212425,1024.4488977955912,2110
857,609.6192384769539,609.6192384769539,959.5190380761524,2110
858,609.6192384769539,609.6192384769539,865.7314629258517,2110
859,620.440881763527,620.440881763527,854.9098196392786,2110
860,602.4048096192384,602.4048096192384,inf,2110
861,620.440881763527,620.440881763527,656.5130260521042,2110
862,656.5130260521042,656.5130260521042,1298.5971943887776,2110
863,624.0480961923848,624.0480961923848,649.2985971943888,2110
864,620.440881763527,620.440881763527,inf,2110
865,591.5831663326653,587.9759519038076,1529.4589178356714,2110
866,613.2264529058116,613.2264529058116,685.370741482966,2110
867,624.0480961923848,624.0480961923848,inf,2110
868,613.2264529058116,613.2264529058116,627.6553106212425,2110
869,616.8336673346694,616.8336673346694,681.7635270541082,2110
870,602.4048096192384,602.4048096192384,inf,2110
871,620.440881763527,620.440881763527,688.9779559118236,2110
872,627.6553106212425,627.6553106212425,inf,2110
873,620.440881763527,620.440881763527,692.5851703406813,2110
874,656.5130260521042,656.5130260521042,1215.63126252505,2110
875,584.3687374749499,577.1543086172345,inf,2110
876,613.2264529058116,613.2264529058116,688.9779559118236,2110
877,624.0480961923848,624.0480961923848,981.1623246492986,2110
878,606.0120240480962,606.0120240480962,1020.8416833667335,2110
879,620.440881763527,620.440881763527,638.4769539078156,2110
880,591.5831663326653,591.5831663326653,631.2625250501002,2110
881,631.2625250501002,631.2625250501002,1720.6412825651303,2110
882,609.6192384769539,609.6192384769539,692.5851703406813,2110
883,616.8336673346694,616.8336673346694,761.1222444889779,2110
884,624.0480961923848,624.0480961923848,634.869739478958,2110
885,595.1903807615231,595.1903807615231,inf,2110
886,613.2264529058116,613.2264529058116,681.7635270541082,2110
887,591.5831663326653,591.5831663326653,826.0521042084168,2110
888,620.440881763527,620.440881763527,779.1583166332665,2110
889,598.7975951903808,598.7975951903808,789.9799599198396,2110
890,598.7975951903808,598.7975951903808,670.941883767535,2110
891,616.8336673346694,616.8336673346694,inf,2110
892,609.6192384769539,609.6192384769539,1439.2785571142285,2110
893,587.9759519038076,587.9759519038076,883.7675350701403,2110
894,609.6192384769539,609.6192384769539,inf,2110
895,602.4048096192384,602.4048096192384,616.8336673346694,2110
896,645.6913827655311,645.6913827655311,952.3046092184369,2110
897,613.2264529058116,613.2264529058116,880.1603206412826,2110
898,634.869739478958,634.869739478958,642.0841683366733,2110
899,624.0480961923848,624.0480961923848,638.4769539078156,2110
900,602.4048096192384,602.4048096192384,inf,2110
901,602.4048096192384,602.4048096192384,616.8336673346694,2110
902,638.4769539078156,638.4769539078156,inf,2110
903,613.2264529058116,613.2264529058116,inf,2110
904,631.2625250501002,631.2625250501002,inf,2110
905,616.8336673346694,616.8336673346694,inf,2110
906,638.4769539078156,638.4769539078156,inf,2110
907,598.7975951903808,598.7975951903808,1450.1002004008017,2110
908,602.4048096192384,602.4048096192384,1316.6332665330663,2110
909,591.5831663326653,591.5831663326653,1399.5991983967936,2110
910,624.0480961923848,624.0480961923848,inf,2110
911,606.0120240480962,606.0120240480962,652.9058116232464,2110
912,627.6553106212425,627.6553106212425,inf,2110
913,613.2264529058116,613.2264529058116,1717.0340681362725,2110
914,616.8336673346694,616.8336673346694,inf,2110
915,2100.0,2100.0,642.0841683366733,2110
916,634.869739478958,634.869739478958,757.5150300601202,2110
917,598.7975951903808,598.7975951903808,inf,2110
918,627.6553106212425,627.6553106212425,inf,2110
919,624.0480961923848,624.0480961923848,1504.2084168336673,2110
920,638.4769539078156,638.4769539078156,inf,2110
921,595.1903807615231,595.1903807615231,inf,2110
922,627.6553106212425,627.6553106212425,862.124248496994,2110
923,606.0120240480962,606.0120240480962,970.3406813627255,2110
924,620.440881763527,620.440881763527,631.2625250501002,2110
925,631.2625250501002,631.2625250501002,638.4769539078156,2110
926,631.2625250501002,631.2625250501002,inf,2110
927,620.440881763527,620.440881763527,1735.0701402805612,2110
928,620.440881763527,620.440881763527,1399.5991983967936,2110
929,631.2625250501002,631.2625250501002,inf,2110
930,624.0480961923848,624.0480961923848,638.4769539078156,2110
931,609.6192384769539,609.6192384769539,1789.1783567134269,2110
932,587.9759519038076,587.9759519038076,761.1222444889779,2110
933,602.4048096192384,602.4048096192384,1219.2384769539078,2110
934,620.440881763527,620.440881763527,1435.6713426853707,2110
935,616.8336673346694,616.8336673346694,inf,2110
936,638.4769539078156,638.4769539078156,1031.6633266533067,2110
937,598.7975951903808,598.7975951903808,1230.060120240481,2110
938,624.0480961923848,624.0480961923848,inf,2110
939,598.7975951903808,598.7975951903808,1309.4188376753507,2110
940,606.0120240480962,606.0120240480962,inf,2110
941,602.4048096192384,602.4048096192384,1374.3486973947895,2110
942,591.5831663326653,591.5831663326653,1345.4909819639279,2110
943,627.6553106212425,627.6553106212425,inf,2110
944,649.2985971943888,649.2985971943888,685.370741482966,2110
945,616.8336673346694,616.8336673346694,660.1202404809619,2110
946,620.440881763527,620.440881763527,667.3346693386774,2110
947,587.9759519038076,587.9759519038076,1240.881763527054,2110
948,606.0120240480962,606.0120240480962,inf,2110
949,591.5831663326653,591.5831663326653,670.941883767535,2110
950,587.9759519038076,587.9759519038076,1237.2745490981963,2110
951,620.440881763527,620.440881763527,670.941883767535,2110
952,602.4048096192384,602.4048096192384,inf,2110
953,627.6553106212425,627.6553106212425,1417.6352705410823,2110
954,595.1903807615231,595.1903807615231,1291.3827655310622,2110
955,606.0120240480962,598.7975951903808,inf,2110
956,584.3687374749499,584.3687374749499,inf,2110
957,584.3687374749499,584.3687374749499,1327.4549098196394,2110
958,613.2264529058116,613.2264529058116,inf,2110
959,620.440881763527,620.440881763527,1240.881763527054,2110
960,595.1903807615231,595.1903807615231,854.9098196392786,2110
961,609.6192384769539,609.6192384769539,inf,2110
962,606.0120240480962,606.0120240480962,887.374749498998,2110
963,613.2264529058116,613.2264529058116,667.3346693386774,2110
964,591.5831663326653,591.5831663326653,602.4048096192384,2110
965,602.4048096192384,602.4048096192384,1294.9899799599198,2110
966,627.6553106212425,627.6553106212425,1349.0981963927857,2110
967,587.9759519038076,587.9759519038076,1042.4849699398799,2110
968,634.869739478958,580.7615230460922,inf,2110
969,645.6913827655311,573.5470941883767,inf,2110
970,652.9058116232464,587.9759519038076,inf,2110
971,624.0480961923848,624.0480961923848,887.374749498998,2110
972,620.440881763527,620.440881763527,631.2625250501002,2110
973,642.0841683366733,642.0841683366733,645.6913827655311,2110
974,631.2625250501002,631.2625250501002,912.625250501002,2110
975,627.6553106212425,627.6553106212425,inf,2110
976,620.440881763527,620.440881763527,851.3026052104209,2110
977,638.4769539078156,638.4769539078156,833.2665330661323,2110
978,613.2264529058116,613.2264529058116,1132.6653306613227,2110
979,609.6192384769539,609.6192384769539,inf,2110
980,584.3687374749499,584.3687374749499,inf,2110
981,613.2264529058116,613.2264529058116,inf,2110
982,624.0480961923848,624.0480961923848,1190.3807615230462,2110
983,609.6192384769539,609.6192384769539,937.875751503006,2110
984,624.0480961923848,624.0480961923848,1208.4168336673347,2110
985,591.5831663326653,591.5831663326653,714.2284569138277,2110
986,620.440881763527,620.440881763527,627.6553106212425,2110
987,598.7975951903808,595.1903807615231,inf,2110
988,627.6553106212425,627.6553106212425,1392.3847695390782,2110
989,634.869739478958,634.869739478958,1168.7374749498997,2110
990,631.2625250501002,631.2625250501002,1258.9178356713428,2110
991,616.8336673346694,616.8336673346694,1320.2404809619238,2110
992,634.869739478958,634.869739478958,inf,2110
993,602.4048096192384,602.4048096192384,984.7695390781563,2110
994,624.0480961923848,624.0480961923848,1230.060120240481,2120
995,595.1903807615231,595.1903807615231,inf,2120
996,631.2625250501002,631.2625250501002,inf,2120
997,595.1903807615231,595.1903807615231,609.6192384769539,2120
998,631.2625250501002,631.2625250501002,883.7675350701403,2120
999,606.0120240480962,606.0120240480962,1067.7354709418837,2120
1000,627.6553106212425,627.6553106212425,inf,2120
1001,587.9759519038076,587.9759519038076,inf,2120
1002,602.4048096192384,602.4048096192384,1139.879759519038,2120
1003,638.4769539078156,638.4769539078156,1515.0300601202405,2120
1004,634.869739478958,634.869739478958,638.4769539078156,2120
1005,606.0120240480962,606.0120240480962,inf,2120
1006,609.6192384769539,606.0120240480962,inf,2120
1007,624.0480961923848,624.0480961923848,624.0480961923848,2120
1008,602.4048096192384,598.7975951903808,inf,2120
1009,595.1903807615231,595.1903807615231,1125.4509018036072,2120
1010,591.5831663326653,591.5831663326653,1154.308617234469,2120
1011,631.2625250501002,631.2625250501002,1258.9178356713428,2120
1012,616.8336673346694,616.8336673346694,797.1943887775551,2120
1013,638.4769539078156,638.4769539078156,894.5891783567134,2120
1014,620.440881763527,620.440881763527,inf,2120
1015,624.0480961923848,624.0480961923848,inf,2120
1016,580.7615230460922,580.7615230460922,670.941883767535,2120
1017,606.0120240480962,606.0120240480962,808.0160320641282,2120
1018,624.0480961923848,624.0480961923848,624.0480961923848,2120
1019,616.8336673346694,616.8336673346694,999.1983967935872,2120
1020,627.6553106212425,627.6553106212425,1183.1663326653306,2120
1021,613.2264529058116,613.2264529058116,inf,2120
1022,624.0480961923848,620.440881763527,inf,2120
1023,613.2264529058116,562.7254509018036,inf,2120
1024,609.6192384769539,602.4048096192384,inf,2120
1025,627.6553106212425,627.6553106212425,inf,2120
1026,598.7975951903808,598.7975951903808,973.9478957915832,2120
1027,634.869739478958,631.2625250501002,1446.4929859719439,2120
1028,602.4048096192384,602.4048096192384,746.6933867735471,2120
1029,613.2264529058116,577.1543086172345,inf,2120
1030,609.6192384769539,609.6192384769539,613.2264529058116,2120
1031,609.6192384769539,609.6192384769539,616.8336673346694,2120
1032,609.6192384769539,551.9038076152304,inf,2120
1033,616.8336673346694,616.8336673346694,872.9458917835672,2120
1034,609.6192384769539,606.0120240480962,872.9458917835672,2120
1035,598.7975951903808,598.7975951903808,620.440881763527,2120
1036,598.7975951903808,598.7975951903808,620.440881763527,2120
1037,620.440881763527,620.440881763527,inf,2120
1038,606.0120240480962,606.0120240480962,inf,2120
1039,606.0120240480962,606.0120240480962,937.875751503006,2120
1040,613.2264529058116,613.2264529058116,1092.9859719438878,2120
1041,609.6192384769539,609.6192384769539,1652.1042084168337,2120
1042,591.5831663326653,591.5831663326653,941.4829659318638,2120
1043,606.0120240480962,606.0120240480962,inf,2120
1044,638.4769539078156,638.4769539078156,inf,2120
1045,606.0120240480962,606.0120240480962,1781.9639278557115,2120
1046,609.6192384769539,609.6192384769539,1781.9639278557115,2120
1047,624.0480961923848,624.0480961923848,1540.2805611222445,2120
1048,624.0480961923848,624.0480961923848,inf,2120
1049,616.8336673346694,616.8336673346694,865.7314629258517,2120
1050,606.0120240480962,606.0120240480962,822.4448897795592,2120
1051,631.2625250501002,631.2625250501002,836.87374749499,2120
1052,2100.0,624.0480961923848,714.2284569138277,2120
1053,638.4769539078156,638.4769539078156,486.9739478957916,2120
1054,598.7975951903808,591.5831663326653,833.2665330661323,2120
1055,634.869739478958,634.869739478958,inf,2120
1056,616.8336673346694,613.2264529058116,inf,2120
1057,616.8336673346694,616.8336673346694,1017.2344689378758,2120
1058,620.440881763527,620.440881763527,inf,2120
1059,624.0480961923848,624.0480961923848,1255.310621242485,2120
1060,606.0120240480962,606.0120240480962,789.9799599198396,2120
1061,624.0480961923848,624.0480961923848,inf,2120
1062,634.869739478958,2100.0,inf,2120
1063,624.0480961923848,624.0480961923848,inf,2120
1064,606.0120240480962,606.0120240480962,inf,2120
1065,627.6553106212425,627.6553106212425,894.5891783567134,2120
1066,2100.0,606.0120240480962,1359.9198396793588,2120
1067,620.440881763527,616.8336673346694,inf,2120
1068,598.7975951903808,591.5831663326653,inf,2120
1069,627.6553106212425,627.6553106212425,894.5891783567134,2120
1070,591.5831663326653,591.5831663326653,598.7975951903808,2120
1071,613.2264529058116,613.2264529058116,inf,2120
1072,627.6553106212425,627.6553106212425,1226.4529058116232,2120
1073,624.0480961923848,609.6192384769539,inf,2120
1074,638.4769539078156,638.4769539078156,703.4068136272546,2120
1075,609.6192384769539,609.6192384769539,966.7334669338677,2120
1076,634.869739478958,627.6553106212425,1493.3867735470942,2120
1077,609.6192384769539,609.6192384769539,inf,2120
1078,591.5831663326653,591.5831663326653,804.4088176352706,2120
1079,627.6553106212425,627.6553106212425,inf,2120
1080,624.0480961923848,624.0480961923848,inf,2120
1081,616.8336673346694,616.8336673346694,616.8336673346694,2120
1082,627.6553106212425,627.6553106212425,inf,2120
1083,616.8336673346694,613.2264529058116,638.4769539078156,2120
1084,631.2625250501002,631.2625250501002,753.9078156312626,2120
1085,606.0120240480962,606.0120240480962,inf,2120
1086,624.0480961923848,624.0480961923848,inf,2120
1087,638.4769539078156,638.4769539078156,652.9058116232464,2120
1088,649.2985971943888,649.2985971943888,inf,2120
1089,634.869739478958,634.869739478958,505.0100200400802,2120
1090,642.0841683366733,642.0841683366733,663.7274549098197,2120
1091,595.1903807615231,584.3687374749499,728.6573146292585,2120
1092,616.8336673346694,606.0120240480962,inf,2120
1093,631.2625250501002,631.2625250501002,591.5831663326653,2120
1094,606.0120240480962,606.0120240480962,1096.5931863727455,2120
1095,613.2264529058116,613.2264529058116,1179.559118236473,2120
1096,602.4048096192384,602.4048096192384,530.2605210420842,2120
1097,620.440881763527,620.440881763527,1464.5290581162326,2120
1098,616.8336673346694,616.8336673346694,inf,2120
1099,616.8336673346694,616.8336673346694,inf,2120
1100,645.6913827655311,645.6913827655311,512.2244488977956,2120
1101,631.2625250501002,631.2625250501002,1587.1743486973949,2120
1102,606.0120240480962,606.0120240480962,inf,2120
1103,598.7975951903808,598.7975951903808,inf,2120
1104,598.7975951903808,598.7975951903808,inf,2120
1105,627.6553106212425,627.6553106212425,inf,2120
1106,624.0480961923848,624.0480961923848,inf,2120
1107,613.2264529058116,613.2264529058116,613.2264529058116,2120
1108,624.0480961923848,624.0480961923848,inf,2120
1109,624.0480961923848,624.0480961923848,inf,2120
1110,609.6192384769539,609.6192384769539,609.6192384769539,2120
1111,649.2985971943888,645.6913827655311,851.3026052104209,2120
1112,606.0120240480962,606.0120240480962,642.0841683366733,2120
1113,616.8336673346694,616.8336673346694,1150.7014028056112,2120
1114,598.7975951903808,598.7975951903808,670.941883767535,2120
1115,2100.0,620.440881763527,696.1923847695391,2120
1116,627.6553106212425,627.6553106212425,inf,2120
1117,613.2264529058116,609.6192384769539,865.7314629258517,2120
1118,627.6553106212425,627.6553106212425,inf,2120
1119,642.0841683366733,642.0841683366733,566.3326653306614,2120
1120,609.6192384769539,595.1903807615231,750.3006012024048,2120
1121,620.440881763527,609.6192384769539,inf,2120
1122,609.6192384769539,609.6192384769539,1738.6773547094188,2120
1123,627.6553106212425,627.6553106212425,inf,2120
1124,606.0120240480962,606.0120240480962,645.6913827655311,2120
1125,602.4048096192384,602.4048096192384,645.6913827655311,2120
1126,609.6192384769539,609.6192384769539,638.4769539078156,2120
1127,620.440881763527,620.440881763527,inf,2120
1128,627.6553106212425,627.6553106212425,inf,2120
1129,602.4048096192384,602.4048096192384,660.1202404809619,2120
1130,631.2625250501002,631.2625250501002,667.3346693386774,2120
1131,602.4048096192384,602.4048096192384,660.1202404809619,2120
1132,624.0480961923848,624.0480961923848,1623.246492985972,2120
1133,616.8336673346694,616.8336673346694,1013.627254509018,2120
1134,634.869739478958,634.869739478958,970.3406813627255,2120
1135,627.6553106212425,627.6553106212425,inf,2120
1136,638.4769539078156,638.4769539078156,1612.424849699399,2120
1137,631.2625250501002,631.2625250501002,631.2625250501002,2120
1138,591.5831663326653,584.3687374749499,inf,2120
1139,606.0120240480962,606.0120240480962,inf,2120
1140,631.2625250501002,631.2625250501002,inf,2120
1141,609.6192384769539,609.6192384769539,624.0480961923848,2120
1142,627.6553106212425,627.6553106212425,642.0841683366733,2120
1143,616.8336673346694,616.8336673346694,inf,2120
1144,627.6553106212425,627.6553106212425,inf,2120
1145,609.6192384769539,609.6192384769539,634.869739478958,2120
1146,634.869739478958,634.869739478958,638.4769539078156,2120
1147,627.6553106212425,627.6553106212425,1414.0280561122245,2120
1148,624.0480961923848,624.0480961923848,inf,2120
1149,620.440881763527,620.440881763527,768.3366733466934,2120
1150,609.6192384769539,609.6192384769539,inf,2120
1151,631.2625250501002,631.2625250501002,707.0140280561122,2120
1152,606.0120240480962,606.0120240480962,inf,2120
1153,606.0120240480962,606.0120240480962,inf,2120
1154,620.440881763527,620.440881763527,inf,2120
1155,638.4769539078156,638.4769539078156,638.4769539078156,2120
1156,595.1903807615231,595.1903807615231,587.9759519038076,2120
1157,609.6192384769539,609.6192384769539,631.2625250501002,2120
1158,627.6553106212425,627.6553106212425,991.9839679358718,2120
1159,609.6192384769539,609.6192384769539,inf,2120
1160,606.0120240480962,606.0120240480962,inf,2120
1161,649.2985971943888,649.2985971943888,822.4448897795592,2120
1162,613.2264529058116,613.2264529058116,inf,2120
1163,613.2264529058116,613.2264529058116,inf,2120
1164,627.6553106212425,627.6553106212425,580.7615230460922,2120
1165,602.4048096192384,602.4048096192384,1136.2725450901803,2120
1166,609.6192384769539,609.6192384769539,1612.424849699399,2120
1167,631.2625250501002,631.2625250501002,1561.9238476953908,2120
1168,620.440881763527,620.440881763527,757.5150300601202,2120
1169,616.8336673346694,616.8336673346694,inf,2120
1170,616.8336673346694,616.8336673346694,inf,2120
1171,631.2625250501002,627.6553106212425,775.5511022044088,2120
1172,616.8336673346694,616.8336673346694,inf,2120
1173,591.5831663326653,591.5831663326653,638.4769539078156,2120
1174,620.440881763527,620.440881763527,1208.4168336673347,2120
1175,587.9759519038076,587.9759519038076,688.9779559118236,2120
1176,606.0120240480962,606.0120240480962,634.869739478958,2120
1177,624.0480961923848,624.0480961923848,inf,2120
1178,591.5831663326653,591.5831663326653,688.9779559118236,2120
1179,634.869739478958,634.869739478958,714.2284569138277,2120
1180,602.4048096192384,598.7975951903808,732.2645290581163,2120
1181,624.0480961923848,624.0480961923848,757.5150300601202,2120
1182,591.5831663326653,591.5831663326653,876.5531062124248,2120
1183,627.6553106212425,627.6553106212425,678.1563126252505,2120
1184,591.5831663326653,591.5831663326653,613.2264529058116,2120
1185,624.0480961923848,620.440881763527,977.555110220441,2120
1186,620.440881763527,620.440881763527,663.7274549098197,2120
1187,606.0120240480962,606.0120240480962,627.6553106212425,2120
1188,602.4048096192384,584.3687374749499,inf,2120
1189,609.6192384769539,591.5831663326653,inf,2120
1190,598.7975951903808,598.7975951903808,inf,2120
1191,591.5831663326653,591.5831663326653,696.1923847695391,2120
1192,631.2625250501002,631.2625250501002,710.6212424849699,2120
1193,602.4048096192384,602.4048096192384,inf,2120
1194,606.0120240480962,606.0120240480962,inf,2120
1195,595.1903807615231,595.1903807615231,inf,2120
1196,606.0120240480962,606.0120240480962,inf,2120
1197,616.8336673346694,616.8336673346694,721.442885771543,2120
1198,634.869739478958,634.869739478958,714.2284569138277,2120
1199,642.0841683366733,642.0841683366733,1074.9498997995993,2120
1200,627.6553106212425,624.0480961923848,656.5130260521042,2120
1201,624.0480961923848,624.0480961923848,inf,2120
1202,616.8336673346694,616.8336673346694,999.1983967935872,2120
1203,591.5831663326653,591.5831663326653,645.6913827655311,2120
1204,616.8336673346694,616.8336673346694,inf,2120
1205,613.2264529058116,613.2264529058116,743.0861723446894,2120
1206,609.6192384769539,609.6192384769539,1727.8557114228456,2120
1207,606.0120240480962,606.0120240480962,1460.9218436873748,2120
1208,616.8336673346694,616.8336673346694,inf,2120
1209,620.440881763527,620.440881763527,inf,2120
1210,616.8336673346694,616.8336673346694,678.1563126252505,2120
1211,627.6553106212425,627.6553106212425,692.5851703406813,2120
1212,620.440881763527,620.440881763527,1280.561122244489,2120
1213,620.440881763527,620.440881763527,1237.2745490981963,2120
1214,598.7975951903808,598.7975951903808,667.3346693386774,2120
1215,609.6192384769539,609.6192384769539,710.6212424849699,2120
1216,620.440881763527,620.440881763527,728.6573146292585,2120
1217,638.4769539078156,638.4769539078156,642.0841683366733,2120
1218,606.0120240480962,606.0120240480962,667.3346693386774,2120
1219,613.2264529058116,613.2264529058116,876.5531062124248,2120
1220,624.0480961923848,624.0480961923848,638.4769539078156,2120
1221,620.440881763527,620.440881763527,inf,2120
1222,620.440881763527,620.440881763527,inf,2120
1223,634.869739478958,634.869739478958,inf,2120
1224,627.6553106212425,627.6553106212425,inf,2120
1225,616.8336673346694,616.8336673346694,624.0480961923848,2120
1226,631.2625250501002,631.2625250501002,inf,2120
1227,624.0480961923848,624.0480961923848,inf,2120
1228,631.2625250501002,613.2264529058116,inf,2120
1229,634.869739478958,634.869739478958,642.0841683366733,2120
1230,631.2625250501002,631.2625250501002,inf,2120
1231,606.0120240480962,606.0120240480962,862.124248496994,2120
1232,613.2264529058116,613.2264529058116,869.3386773547094,2120
1233,620.440881763527,616.8336673346694,721.442885771543,2120
1234,584.3687374749499,584.3687374749499,inf,2120
1235,624.0480961923848,624.0480961923848,inf,2120
1236,620.440881763527,620.440881763527,inf,2120
1237,624.0480961923848,620.440881763527,789.9799599198396,2120
1238,620.440881763527,620.440881763527,inf,2120
1239,631.2625250501002,631.2625250501002,inf,2120
1240,620.440881763527,620.440881763527,inf,2120
1241,620.440881763527,620.440881763527,768.3366733466934,2120
1242,624.0480961923848,620.440881763527,667.3346693386774,2120
1243,627.6553106212425,627.6553106212425,inf,2130
1244,609.6192384769539,609.6192384769539,inf,2130
1245,620.440881763527,620.440881763527,768.3366733466934,2130
1246,598.7975951903808,598.7975951903808,inf,2130
1247,631.2625250501002,631.2625250501002,inf,2130
1248,598.7975951903808,598.7975951903808,1020.8416833667335,2130
1249,649.2985971943888,548.2965931863728,1294.9899799599198,2130
1250,634.869739478958,634.869739478958,710.6212424849699,2130
1251,627.6553106212425,627.6553106212425,inf,2130
1252,616.8336673346694,613.2264529058116,872.9458917835672,2130
1253,634.869739478958,634.869739478958,912.625250501002,2130
1254,613.2264529058116,613.2264529058116,880.1603206412826,2130
1255,613.2264529058116,613.2264529058116,652.9058116232464,2130
1256,620.440881763527,620.440881763527,890.9819639278558,2130
1257,634.869739478958,634.869739478958,inf,2130
1258,638.4769539078156,638.4769539078156,inf,2130
1259,613.2264529058116,613.2264529058116,inf,2130
1260,627.6553106212425,627.6553106212425,667.3346693386774,2130
1261,627.6553106212425,627.6553106212425,inf,2130
1262,602.4048096192384,602.4048096192384,1507.8156312625251,2130
1263,613.2264529058116,613.2264529058116,inf,2130
1264,2100.0,620.440881763527,inf,2130
1265,616.8336673346694,616.8336673346694,1800.0,2130
1266,627.6553106212425,627.6553106212425,inf,2130
1267,616.8336673346694,616.8336673346694,inf,2130
1268,609.6192384769539,609.6192384769539,inf,2130
1269,620.440881763527,620.440881763527,inf,2130
1270,645.6913827655311,645.6913827655311,847.6953907815631,2130
1271,598.7975951903808,598.7975951903808,1017.2344689378758,2130
1272,624.0480961923848,620.440881763527,793.5871743486974,2130
1273,627.6553106212425,627.6553106212425,988.3767535070141,2130
1274,598.7975951903808,598.7975951903808,880.1603206412826,2130
1275,2100.0,620.440881763527,inf,2130
1276,613.2264529058116,602.4048096192384,1601.6032064128258,2130
1277,613.2264529058116,613.2264529058116,inf,2130
1278,613.2264529058116,613.2264529058116,1594.3887775551102,2130
1279,613.2264529058116,613.2264529058116,746.6933867735471,2130
1280,602.4048096192384,602.4048096192384,818.8376753507014,2130
1281,670.941883767535,670.941883767535,869.3386773547094,2130
1282,602.4048096192384,602.4048096192384,inf,2130
1283,649.2985971943888,587.9759519038076,1248.0961923847697,2130
1284,591.5831663326653,591.5831663326653,inf,2130
1285,631.2625250501002,631.2625250501002,872.9458917835672,2130
1286,631.2625250501002,631.2625250501002,872.9458917835672,2130
1287,620.440881763527,620.440881763527,880.1603206412826,2130
1288,609.6192384769539,606.0120240480962,916.2324649298597,2130
1289,609.6192384769539,609.6192384769539,919.8396793587175,2130
1290,620.440881763527,620.440881763527,inf,2130
1291,602.4048096192384,598.7975951903808,inf,2130
1292,606.0120240480962,606.0120240480962,620.440881763527,2130
1293,613.2264529058116,613.2264529058116,883.7675350701403,2130
1294,587.9759519038076,587.9759519038076,728.6573146292585,2130
1295,606.0120240480962,606.0120240480962,678.1563126252505,2130
1296,620.440881763527,620.440881763527,851.3026052104209,2130
1297,606.0120240480962,606.0120240480962,1046.0921843687374,2130
1298,631.2625250501002,631.2625250501002,634.869739478958,2130
1299,606.0120240480962,606.0120240480962,1579.9599198396793,2130
1300,587.9759519038076,587.9759519038076,591.5831663326653,2130
1301,627.6553106212425,627.6553106212425,inf,2130
1302,627.6553106212425,627.6553106212425,1143.4869739478959,2130
1303,613.2264529058116,613.2264529058116,1139.879759519038,2130
1304,620.440881763527,620.440881763527,627.6553106212425,2130
1305,587.9759519038076,587.9759519038076,591.5831663326653,2130
1306,598.7975951903808,598.7975951903808,616.8336673346694,2130
1307,620.440881763527,620.440881763527,inf,2130
1308,606.0120240480962,606.0120240480962,inf,2130
1309,602.4048096192384,598.7975951903808,833.2665330661323,2130
1310,638.4769539078156,638.4769539078156,797.1943887775551,2130
1311,613.2264529058116,613.2264529058116,854.9098196392786,2130
1312,631.2625250501002,631.2625250501002,inf,2130
1313,587.9759519038076,587.9759519038076,inf,2130
1314,606.0120240480962,606.0120240480962,609.6192384769539,2130
1315,606.0120240480962,606.0120240480962,606.0120240480962,2130
1316,602.4048096192384,602.4048096192384,inf,2130
1317,631.2625250501002,2100.0,inf,2130
1318,613.2264529058116,613.2264529058116,inf,2130
1319,624.0480961923848,624.0480961923848,inf,2130
1320,602.4048096192384,602.4048096192384,927.0541082164328,2130
1321,577.1543086172345,577.1543086172345,1341.88376753507,2130
1322,602.4048096192384,602.4048096192384,613.2264529058116,2130
1323,613.2264529058116,613.2264529058116,851.3026052104209,2130
1324,609.6192384769539,609.6192384769539,642.0841683366733,2130
1325,609.6192384769539,2100.0,948.6973947895792,2130
1326,631.2625250501002,631.2625250501002,inf,2130
1327,631.2625250501002,631.2625250501002,1601.6032064128258,2130
1328,638.4769539078156,638.4769539078156,inf,2130
1329,602.4048096192384,602.4048096192384,674.5490981963928,2130
1330,609.6192384769539,609.6192384769539,678.1563126252505,2130
1331,624.0480961923848,624.0480961923848,inf,2130
1332,624.0480961923848,624.0480961923848,764.7294589178357,2130
1333,595.1903807615231,595.1903807615231,inf,2130
1334,606.0120240480962,606.0120240480962,inf,2130
1335,627.6553106212425,627.6553106212425,934.2685370741483,2130
1336,624.0480961923848,624.0480961923848,692.5851703406813,2130
1337,602.4048096192384,602.4048096192384,941.4829659318638,2130
1338,631.2625250501002,631.2625250501002,836.87374749499,2130
1339,627.6553106212425,627.6553106212425,844.0881763527054,2130
1340,616.8336673346694,616.8336673346694,inf,2130
1341,649.2985971943888,649.2985971943888,1399.5991983967936,2130
1342,613.2264529058116,613.2264529058116,inf,2130
1343,634.869739478958,634.869739478958,1244.4889779559119,2130
1344,616.8336673346694,616.8336673346694,624.0480961923848,2130
1345,627.6553106212425,627.6553106212425,inf,2130
1346,598.7975951903808,598.7975951903808,627.6553106212425,2130
1347,620.440881763527,620.440881763527,inf,2130
1348,627.6553106212425,627.6553106212425,1489.7795591182364,2130
1349,598.7975951903808,598.7975951903808,inf,2130
1350,620.440881763527,620.440881763527,977.555110220441,2130
1351,613.2264529058116,613.2264529058116,970.3406813627255,2130
1352,598.7975951903808,598.7975951903808,649.2985971943888,2130
1353,624.0480961923848,624.0480961923848,inf,2130
1354,606.0120240480962,606.0120240480962,634.869739478958,2130
1355,606.0120240480962,606.0120240480962,688.9779559118236,2130
1356,606.0120240480962,606.0120240480962,inf,2130
1357,613.2264529058116,613.2264529058116,735.871743486974,2130
1358,609.6192384769539,609.6192384769539,1424.8496993987976,2130
1359,624.0480961923848,624.0480961923848,721.442885771543,2130
1360,613.2264529058116,613.2264529058116,1078.5571142284568,2130
1361,620.440881763527,620.440881763527,inf,2130
1362,606.0120240480962,606.0120240480962,872.9458917835672,2130
1363,609.6192384769539,609.6192384769539,836.87374749499,2130
1364,609.6192384769539,609.6192384769539,inf,2130
1365,616.8336673346694,616.8336673346694,977.555110220441,2130
1366,616.8336673346694,616.8336673346694,1053.306613226453,2130
1367,624.0480961923848,624.0480961923848,887.374749498998,2130
1368,634.869739478958,634.869739478958,941.4829659318638,2130
1369,624.0480961923848,624.0480961923848,779.1583166332665,2130
1370,634.869739478958,634.869739478958,634.869739478958,2130
1371,609.6192384769539,609.6192384769539,1522.2444889779558,2130
1372,624.0480961923848,624.0480961923848,inf,2130
1373,580.7615230460922,580.7615230460922,1129.058116232465,2130
1374,620.440881763527,620.440881763527,1670.1402805611224,2130
1375,613.2264529058116,613.2264529058116,inf,2130
1376,606.0120240480962,606.0120240480962,inf,2130
1377,638.4769539078156,638.4769539078156,1439.2785571142285,2130
1378,627.6553106212425,627.6553106212425,inf,2130
1379,624.0480961923848,624.0480961923848,inf,2130
1380,584.3687374749499,584.3687374749499,822.4448897795592,2130
1381,613.2264529058116,613.2264529058116,inf,2130
1382,631.2625250501002,631.2625250501002,869.3386773547094,2130
1383,616.8336673346694,616.8336673346694,620.440881763527,2130
1384,602.4048096192384,602.4048096192384,1060.5210420841684,2130
1385,616.8336673346694,616.8336673346694,1367.1342685370741,2130
1386,602.4048096192384,602.4048096192384,1698.997995991984,2130
1387,613.2264529058116,613.2264529058116,1432.064128256513,2130
1388,598.7975951903808,2100.0,959.5190380761524,2130
1389,606.0120240480962,606.0120240480962,1720.6412825651303,2130
1390,602.4048096192384,602.4048096192384,890.9819639278558,2130
1391,613.2264529058116,613.2264529058116,948.6973947895792,2130
1392,616.8336673346694,616.8336673346694,1475.3507014028057,2130
1393,627.6553106212425,627.6553106212425,inf,2130
1394,602.4048096192384,602.4048096192384,1024.4488977955912,2130
1395,627.6553106212425,627.6553106212425,963.12625250501,2130
1396,627.6553106212425,627.6553106212425,717.8356713426854,2130
1397,616.8336673346694,616.8336673346694,844.0881763527054,2130
1398,624.0480961923848,624.0480961923848,inf,2130
1399,602.4048096192384,602.4048096192384,inf,2130
1400,595.1903807615231,595.1903807615231,inf,2130
1401,609.6192384769539,609.6192384769539,inf,2130
1402,602.4048096192384,602.4048096192384,inf,2130
1403,609.6192384769539,609.6192384769539,1428.4569138276554,2130
1404,620.440881763527,620.440881763527,inf,2130
1405,602.4048096192384,598.7975951903808,970.3406813627255,2130
1406,613.2264529058116,613.2264529058116,1230.060120240481,2130
1407,609.6192384769539,609.6192384769539,692.5851703406813,2130
1408,613.2264529058116,609.6192384769539,692.5851703406813,2130
1409,624.0480961923848,624.0480961923848,642.0841683366733,2130
1410,606.0120240480962,606.0120240480962,966.7334669338677,2130
1411,624.0480961923848,624.0480961923848,919.8396793587175,2130
1412,602.4048096192384,602.4048096192384,1388.7775551102204,2130
1413,616.8336673346694,616.8336673346694,901.8036072144289,2130
1414,620.440881763527,616.8336673346694,1439.2785571142285,2130
1415,602.4048096192384,602.4048096192384,862.124248496994,2130
1416,595.1903807615231,595.1903807615231,inf,2130
1417,598.7975951903808,598.7975951903808,inf,2130
1418,606.0120240480962,602.4048096192384,634.869739478958,2130
1419,2100.0,613.2264529058116,1619.6392785571143,2130
1420,616.8336673346694,616.8336673346694,1507.8156312625251,2130
1421,598.7975951903808,598.7975951903808,inf,2130
1422,602.4048096192384,602.4048096192384,inf,2130
1423,598.7975951903808,595.1903807615231,1316.6332665330663,2130
1424,627.6553106212425,627.6553106212425,901.8036072144289,2130
1425,627.6553106212425,627.6553106212425,872.9458917835672,2130
1426,606.0120240480962,606.0120240480962,inf,2130
1427,638.4769539078156,638.4769539078156,1089.37875751503,2130
1428,627.6553106212425,627.6553106212425,714.2284569138277,2130
1429,624.0480961923848,624.0480961923848,710.6212424849699,2130
1430,606.0120240480962,606.0120240480962,inf,2130
1431,609.6192384769539,609.6192384769539,inf,2130
1432,606.0120240480962,602.4048096192384,674.5490981963928,2130
1433,631.2625250501002,631.2625250501002,inf,2130
1434,598.7975951903808,598.7975951903808,inf,2130
1435,606.0120240480962,606.0120240480962,1038.877755511022,2130
1436,591.5831663326653,591.5831663326653,inf,2130
1437,591.5831663326653,591.5831663326653,inf,2130
1438,609.6192384769539,609.6192384769539,inf,2130
1439,627.6553106212425,627.6553106212425,1067.7354709418837,2130
1440,620.440881763527,620.440881763527,inf,2130
1441,620.440881763527,620.440881763527,inf,2130
1442,631.2625250501002,631.2625250501002,652.9058116232464,2130
1443,620.440881763527,620.440881763527,inf,2130
1444,627.6553106212425,2100.0,1756.7134268537075,2130
1445,613.2264529058116,613.2264529058116,inf,2130
1446,606.0120240480962,606.0120240480962,inf,2130
1447,616.8336673346694,616.8336673346694,inf,2130
1448,616.8336673346694,616.8336673346694,inf,2130
1449,656.5130260521042,656.5130260521042,696.1923847695391,2130
1450,638.4769539078156,638.4769539078156,inf,2130
1451,620.440881763527,620.440881763527,inf,2130
1452,598.7975951903808,598.7975951903808,1641.2825651302605,2130
1453,642.0841683366733,642.0841683366733,inf,2130
1454,613.2264529058116,613.2264529058116,642.0841683366733,2130
1455,609.6192384769539,609.6192384769539,613.2264529058116,2130
1456,634.869739478958,634.869739478958,634.869739478958,2130
1457,613.2264529058116,613.2264529058116,660.1202404809619,2130
1458,627.6553106212425,627.6553106212425,649.2985971943888,2130
1459,616.8336673346694,616.8336673346694,642.0841683366733,2130
1460,606.0120240480962,606.0120240480962,905.4108216432866,2130
1461,602.4048096192384,602.4048096192384,638.4769539078156,2130
1462,602.4048096192384,602.4048096192384,1753.1062124248497,2130
1463,598.7975951903808,598.7975951903808,inf,2130
1464,620.440881763527,620.440881763527,876.5531062124248,2130
1465,591.5831663326653,591.5831663326653,887.374749498998,2130
1466,613.2264529058116,613.2264529058116,inf,2130
1467,595.1903807615231,595.1903807615231,815.2304609218437,2130
1468,602.4048096192384,602.4048096192384,836.87374749499,2130
1469,627.6553106212425,627.6553106212425,815.2304609218437,2130
1470,627.6553106212425,627.6553106212425,854.9098196392786,2130
1471,577.1543086172345,577.1543086172345,797.1943887775551,2130
1472,620.440881763527,620.440881763527,1038.877755511022,2130
1473,634.869739478958,634.869739478958,732.2645290581163,2130
1474,613.2264529058116,613.2264529058116,721.442885771543,2130
1475,587.9759519038076,587.9759519038076,714.2284569138277,2130
1476,631.2625250501002,631.2625250501002,854.9098196392786,2130
1477,624.0480961923848,624.0480961923848,999.1983967935872,2130
1478,627.6553106212425,627.6553106212425,858.5170340681362,2130
1479,613.2264529058116,613.2264529058116,984.7695390781563,2130
1480,624.0480961923848,624.0480961923848,786.372745490982,2130
1481,609.6192384769539,609.6192384769539,616.8336673346694,2130
1482,609.6192384769539,609.6192384769539,890.9819639278558,2130
1483,620.440881763527,620.440881763527,894.5891783567134,2130
1484,613.2264529058116,2100.0,616.8336673346694,2130
1485,624.0480961923848,624.0480961923848,746.6933867735471,2130
1486,602.4048096192384,602.4048096192384,779.1583166332665,2130
1487,624.0480961923848,624.0480961923848,642.0841683366733,2130
1488,602.4048096192384,602.4048096192384,631.2625250501002,2130
1489,631.2625250501002,631.2625250501002,663.7274549098197,2130
1490,638.4769539078156,638.4769539078156,674.5490981963928,2130
1491,627.6553106212425,627.6553106212425,660.1202404809619,2130
